Index,First Name,Last Name,City,Email,Subscription Date,Website
1,Sheryl,Baxter,East Leonard,zunigavanessa@smith.info,2020-08-24,http://www.stephenson.com/
2,Preston,Lozano,East Jimmychester,vmata@colon.com,2021-04-23,http://www.hobbs.com/
3,Roy,Berry,Isabelborough,beckycarr@hogan.com,2020-03-25,http://www.lawrence.com/
4,Linda,Olsen,Bensonview,stanleyblackwell@benson.org,2020-06-02,http://www.good-lyons.com/
5,Joanna,Bender,West Priscilla,colinalvarado@miles.net,2021-04-17,https://goodwin-ingram.com/
6,Aimee,Downs,Chavezborough,louis27@gilbert.com,2020-02-25,http://www.berger.net/
7,Darren,Peck,Lake Ana,tgates@cantrell.com,2021-08-24,https://www.le.com/
8,Brett,Mullen,Kimport,asnow@colon.com,2021-04-12,https://hammond-ramsey.com/
9,Sheryl,Meyers,Robersonstad,mariokhan@ryan-pope.org,2020-01-13,https://www.bullock.net/
10,Michelle,Gallagher,Elaineberg,mdyer@escobar.net,2021-11-08,https://arias.com/
11,Carl,Schroeder,Shannonville,kirksalas@webb.com,2021-10-20,https://simmons-hurley.com/
12,Jenna,Dodson,East Andrea,mark42@robbins.com,2020-11-29,http://www.douglas.net/
13,Tracey,Mata,South Joannamouth,alex56@walls.org,2021-12-02,http://www.beck.com/
14,Kristine,Cox,Jodyberg,holdenmiranda@clarke.com,2021-02-08,https://www.brandt.com/
15,Faith,Lutz,Burchbury,cassieparrish@blevins-chapman.net,2022-01-26,http://stevenson.org/
16,Miranda,Beasley,Desireeshire,vduncan@parks-hardy.com,2022-04-12,http://acosta.org/
17,Caroline,Foley,West Adriennestad,holtgwendolyn@watson-davenport.com,2021-03-10,http://www.benson-roth.com/
18,Greg,Mata,Lake Leslie,jaredjuarez@carroll.org,2022-03-26,http://pitts-cherry.com/
19,Clifford,Jacobson,Harmonview,joseph26@jacobson.com,2020-09-24,https://mcconnell.com/
20,Joanna,Kirk,Jamesshire,tuckerangie@salazar.net,2021-09-24,https://www.camacho.net/
21,Maxwell,Frye,East Carly,fgibson@drake-webb.com,2022-01-12,http://www.roberts.com/
22,Kiara,Houston,South Alvin,blanchardbob@wallace-shannon.com,2020-09-15,https://www.reid-potts.com/
23,Colleen,Howard,Brittanyview,rsingleton@ryan-cherry.com,2020-08-19,http://paul.biz/
24,Janet,Valenzuela,Veronicamouth,stefanie71@spence.com,2020-09-08,https://moreno.biz/
25,Shane,Wilcox,Bryanville,mariah88@santos.com,2021-04-06,https://www.ramos.com/
26,Marcus,Moody,Kaitlyntown,donnamullins@norris-barrett.org,2022-05-24,https://www.curry.com/
27,Dakota,Poole,Michealshire,stacey67@fields.org,2022-02-20,https://sanford-wilcox.biz/
28,Frederick,Harper,South Marissatown,jacobkhan@bright.biz,2022-05-26,https://callahan.org/
29,Stefanie,Fitzpatrick,Acevedoville,wterrell@clark.com,2020-07-30,https://meyers.com/
30,Kent,Bradshaw,North Harold,qjimenez@boyd.com,2020-04-26,http://maynard-ho.com/
31,Jack,Tate,West Samuel,gfigueroa@boone-zavala.com,2021-09-15,http://www.hawkins-ramsey.com/
32,Tom,Trujillo,Cunninghamborough,tapiagreg@beard.info,2022-01-13,http://www.daniels-klein.com/
33,Gabriel,Mejia,Port Annatown,coleolson@jennings.net,2021-04-24,https://patel-hanson.info/
34,Kaitlyn,Santana,New Kaitlyn,georgeross@miles.org,2021-09-21,http://pham.com/
35,Faith,Moon,West Marthaburgh,willistonya@randolph-baker.com,2021-11-03,https://spencer-charles.info/
36,Tammie,Haley,East Teresa,harrisisaiah@jenkins.com,2022-01-04,http://evans-simon.com/
37,Nicholas,Sosa,South Hunter,fwolfe@dorsey.com,2021-08-10,https://www.fleming-richards.com/
38,Jordan,Gay,South Walter,tiffanydavies@harris-mcfarland.org,2021-02-24,http://www.lee.org/
39,Bruce,Esparza,Poolefurt,preese@frye-vega.com,2021-10-22,http://www.farley.org/
40,Sherry,Garza,West John,ann48@miller.com,2021-11-01,http://spence.com/
41,Natalie,Gentry,West Darius,tcummings@fitzpatrick-ashley.com,2020-10-10,http://www.dorsey.biz/
42,Bryan,Dunn,North Jimstad,woodwardandres@phelps.com,2021-09-08,http://www.butler.com/
43,Wayne,Simpson,East Rebekahborough,barbarapittman@holder.com,2020-12-13,https://gillespie-holder.com/
44,Luis,Greer,North Drew,bstuart@williamson-mcclure.com,2022-05-15,https://fletcher-nielsen.com/
45,Rhonda,Frost,Lake Lindaburgh,zkrueger@wolf-chavez.net,2021-12-06,http://www.khan.com/
46,Joanne,Montes,Gwendolynview,juan80@henson.net,2020-07-01,http://ochoa.com/
47,Geoffrey,Guzman,Zimmermanland,bauercrystal@gay.com,2020-04-23,https://decker-kline.com/
48,Gloria,Mccall,North Kerriton,bartlettjenna@zuniga-moss.biz,2022-03-11,http://burgess-frank.com/
49,Brady,Cohen,North Eileenville,mccalltyrone@durham-rose.biz,2022-03-10,http://hammond-barron.com/
50,Latoya,Mccann,Port Sergiofort,bobhammond@barry.biz,2021-12-02,https://www.burton.com/
51,Gerald,Hawkins,New Alberttown,uwarner@steele-arias.com,2021-03-19,https://valenzuela.com/
52,Samuel,Crawford,South Jasmine,xpittman@ritter-carney.net,2021-03-27,https://guerrero.org/
53,Patricia,Goodwin,Cowanfort,vaughanchristy@lara.biz,2021-03-08,http://clark.info/
54,Stacie,Richard,New Deborah,clinton85@colon-arias.org,2020-10-15,https://kim.com/
55,Robin,West,Wallstown,greenemiranda@zimmerman.com,2022-01-13,https://www.mora.com/
56,Ralph,Haas,Lake Ellenchester,goodmancesar@figueroa.biz,2020-05-25,http://may.com/
57,Phyllis,Maldonado,Lake Whitney,yhanson@warner-diaz.org,2021-01-25,http://www.bernard.com/
58,Danny,Parrish,East Jaredbury,howelldarren@house-cohen.com,2021-03-17,http://www.parsons-hudson.com/
59,Kathy,Hill,Selenabury,ncamacho@boone-simmons.org,2020-11-15,http://hayden.com/
60,Kelli,Hardy,Huangfort,kristopher62@oliver.com,2020-12-20,http://www.kidd.com/
61,Lynn,Pham,East Pennyshire,mpham@rios-guzman.com,2020-08-21,https://www.murphy.com/
62,Shelley,Harris,Port Jasminborough,zachary96@mitchell-bryant.org,2020-12-10,https://www.ryan.com/
63,Eddie,Jimenez,West Kristine,kristiwhitney@bernard.com,2022-03-24,http://cherry.com/
64,Chloe,Hutchinson,South Julia,leah85@sutton-terrell.com,2022-05-15,https://mitchell.info/
65,Eileen,Lynch,Helenborough,levigiles@vincent.com,2021-01-02,http://mckay.com/
66,Fernando,Lambert,Lake Nancy,fisherlinda@schaefer.net,2021-04-23,https://www.vang.com/
67,Makayla,Cannon,Georgeport,scottcurtis@hurley.biz,2020-01-20,http://www.velazquez.net/
68,Tom,Alvarado,South Sophiaberg,nicholsonnina@montgomery.info,2020-08-18,http://odom-massey.com/
69,Virginia,Dudley,Hartbury,zvalencia@phelps.com,2021-01-31,http://hunter-esparza.com/
70,Riley,Good,Erikaville,alex06@galloway.com,2020-02-03,http://conway.org/
71,Alexandria,Buck,Nicolasfort,lee48@manning.com,2021-02-20,https://ramsey.org/
72,Richard,Roth,New Jasmineshire,aharper@maddox-townsend.org,2020-02-23,https://www.brooks.com/
73,Candice,Keller,East Summerstad,buckleycory@odonnell.net,2020-08-22,https://www.lucero.com/
74,Anita,Benson,Skinnerport,angie04@oconnell.com,2020-02-09,http://oconnor.com/
75,Regina,Stein,Raystad,zrosario@rojas-hardin.net,2022-01-15,http://www.johnston.info/
76,Debra,Riddle,Colinhaven,shieldskerry@robles.com,2020-07-11,http://kaiser.info/
77,Brittany,Zuniga,West Reginald,mchandler@cochran-huerta.org,2021-07-24,http://www.boyle.com/
78,Cassidy,Mcmahon,Lake Sherryborough,katrinalane@fitzgerald.com,2020-10-21,https://hurst.com/
79,Laurie,Pennington,Port Katherineville,cookejill@powell.com,2020-06-08,http://www.hebert.com/
80,Alejandro,Blair,Thomasland,elizabethbarr@ewing.com,2020-09-19,https://mercado-blevins.com/
81,Leslie,Jennings,Coreybury,corey75@wiggins.com,2021-11-13,https://www.juarez.com/
82,Kathleen,Mckay,Lake Janiceton,chloelester@higgins-wilkinson.com,2021-09-12,http://www.owens-mooney.com/
83,Hunter,Moreno,East Clinton,isaac26@benton-finley.com,2020-12-28,http://walls.info/
84,Chad,Davidson,South Joshuashire,justinwalters@jimenez.com,2021-11-15,http://www.garner-oliver.com/
85,Corey,Holt,New Glenda,maurice46@morgan.com,2020-02-18,http://www.watson.com/
86,Emma,Cunningham,North Jillianview,walter83@juarez.org,2022-05-13,http://www.reid.info/
87,Duane,Woods,Lyonsberg,kmercer@wagner.com,2020-07-21,http://murray.org/
88,Alison,Vargas,East Cristinabury,vcantu@norton.com,2020-11-10,http://mason.info/
89,Vernon,Kane,Thomasfurt,hilljesse@barrett.info,2021-04-15,http://www.duffy-hensley.net/
90,Lori,Flowers,North Joeburgh,tyrone77@valenzuela.info,2021-01-09,http://www.deleon-crosby.com/
91,Nina,Chavez,Cassidychester,elliserica@frank.com,2020-03-26,https://www.pugh.com/
92,Shane,Foley,South Dannymouth,nsteele@sparks.com,2021-07-06,https://www.holt-sparks.com/
93,Collin,Ayers,South Lonnie,dudleyemily@gonzales.biz,2021-06-29,http://www.ruiz.com/
94,Sherry,Young,Frankchester,alan79@gates-mclaughlin.com,2021-04-04,https://travis.net/
95,Darrell,Douglas,Daisyborough,grayjean@lowery-good.com,2022-02-17,https://banks.biz/
96,Karl,Greer,East Richard,hhart@jensen.com,2022-01-30,http://hayes-perez.com/
97,Lynn,Atkinson,New Bradview,vkemp@ferrell.com,2021-07-10,https://novak-allison.com/
98,Fred,Guerra,Ortegaland,swagner@kane.org,2021-09-18,https://www.ross.com/
99,Yvonne,Farmer,Lake Elijahview,mccarthystephen@horn-green.biz,2021-08-11,http://watkins.info/
100,Clarence,Haynes,Judymouth,colleen91@faulkner.biz,2020-03-11,http://www.hatfield-saunders.net/
